Start,End,Length,Frame,Strand,Protein_seq
4776,5343,189,1,forward,MYVRGDKMELVQPIRDKEVINKFKNELLKKGYRNYMLFVIGINTGLRISDILKLKVEDVKDKTHIVIREQKTSKRTRVLINSMLREDIEKYIEGMDNTEYLFKSRNGKNKPITRVQAYRILSEVGKHLGMSEVGTHTLRKTFGYWHYKQYKDVAILQDIFNHSAPSITLKYIGINDDIKDNTIENFYL
4797,5343,182,1,forward,MELVQPIRDKEVINKFKNELLKKGYRNYMLFVIGINTGLRISDILKLKVEDVKDKTHIVIREQKTSKRTRVLINSMLREDIEKYIEGMDNTEYLFKSRNGKNKPITRVQAYRILSEVGKHLGMSEVGTHTLRKTFGYWHYKQYKDVAILQDIFNHSAPSITLKYIGINDDIKDNTIENFYL
4881,5343,154,1,forward,MLFVIGINTGLRISDILKLKVEDVKDKTHIVIREQKTSKRTRVLINSMLREDIEKYIEGMDNTEYLFKSRNGKNKPITRVQAYRILSEVGKHLGMSEVGTHTLRKTFGYWHYKQYKDVAILQDIFNHSAPSITLKYIGINDDIKDNTIENFYL
5022,5343,107,1,forward,MLREDIEKYIEGMDNTEYLFKSRNGKNKPITRVQAYRILSEVGKHLGMSEVGTHTLRKTFGYWHYKQYKDVAILQDIFNHSAPSITLKYIGINDDIKDNTIENFYL
5058,5343,95,1,forward,MDNTEYLFKSRNGKNKPITRVQAYRILSEVGKHLGMSEVGTHTLRKTFGYWHYKQYKDVAILQDIFNHSAPSITLKYIGINDDIKDNTIENFYL
5163,5343,60,1,forward,MSEVGTHTLRKTFGYWHYKQYKDVAILQDIFNHSAPSITLKYIGINDDIKDNTIENFYL
5463,6117,218,1,forward,MYDNIKVLLKYYRGDDMDRTDFDKLEVQDQVIYINKQLGEGSTLRDIASNLNIARSTLRDRFKKIGYIYNKKLNTYSKTNNEYNKNNTNVLYKEPVKKQNTLEIESYKSNTIVSNKELQSIKEVNNLKKEVFELINNKDIILEMIKDYKSNTKIIDIPQLDINNLPVEMQKDITTKSIKVYKPIYNLFNKLCEEYSSIKKQDLISLALYEFYIRYKK
5511,6117,202,1,forward,MDRTDFDKLEVQDQVIYINKQLGEGSTLRDIASNLNIARSTLRDRFKKIGYIYNKKLNTYSKTNNEYNKNNTNVLYKEPVKKQNTLEIESYKSNTIVSNKELQSIKEVNNLKKEVFELINNKDIILEMIKDYKSNTKIIDIPQLDINNLPVEMQKDITTKSIKVYKPIYNLFNKLCEEYSSIKKQDLISLALYEFYIRYKK
5892,6117,75,1,forward,MIKDYKSNTKIIDIPQLDINNLPVEMQKDITTKSIKVYKPIYNLFNKLCEEYSSIKKQDLISLALYEFYIRYKK
5967,6117,50,1,forward,MQKDITTKSIKVYKPIYNLFNKLCEEYSSIKKQDLISLALYEFYIRYKK
6618,6810,64,1,forward,MKRVKSCRKCEFYNEDEEFNCTNFKMVILDFNNARKCIYYQERMGRRKRCKTCMYLSTTYKQV
9798,9951,51,1,forward,MGTLYHIMEYMSIQKKGIIVQIIAYIVININIFYSVGFILIMYNLINYTK
10032,11325,431,1,forward,MYPQLTDNSFVKQTPDKEAHVFSFFINEMRSYVSINESASSILGLCNGMHSIEDIISILSNKYEEDPNVVKKNVQTFLDPFIKNSIVRDNKVEFSNRNIVNGSLEVYYPHALCWEITDYCPLNCRHCYLPEKNNSILSRDNIDNVLEIIDSAGIQQVQVTGGEALTHPELEYIIDSLINRGIITSISTSGFNFTNDMFKYLVKLKEVKGSKLRVSLDGDKNIHNYIRKNEYAYNNAIEFIKTAVKNGIICQVETSVINQSKQDLEDLVVLVKELGVSSIEIARISDQGNARKNNLELVWSPKEFDDFLYQLNSKYANETFKIRLPKEEKNKNCGAGYKIIRIKPNFDVTPCPMLEFRLGNLHKDTMFQIMSKCGNIFHEFEAPQNKFCSECENKDTCDHCIASGFNSKDKVKDCRWFRNIEYCLKPFLDR
10116,11325,403,1,forward,MRSYVSINESASSILGLCNGMHSIEDIISILSNKYEEDPNVVKKNVQTFLDPFIKNSIVRDNKVEFSNRNIVNGSLEVYYPHALCWEITDYCPLNCRHCYLPEKNNSILSRDNIDNVLEIIDSAGIQQVQVTGGEALTHPELEYIIDSLINRGIITSISTSGFNFTNDMFKYLVKLKEVKGSKLRVSLDGDKNIHNYIRKNEYAYNNAIEFIKTAVKNGIICQVETSVINQSKQDLEDLVVLVKELGVSSIEIARISDQGNARKNNLELVWSPKEFDDFLYQLNSKYANETFKIRLPKEEKNKNCGAGYKIIRIKPNFDVTPCPMLEFRLGNLHKDTMFQIMSKCGNIFHEFEAPQNKFCSECENKDTCDHCIASGFNSKDKVKDCRWFRNIEYCLKPFLDR
10176,11325,383,1,forward,MHSIEDIISILSNKYEEDPNVVKKNVQTFLDPFIKNSIVRDNKVEFSNRNIVNGSLEVYYPHALCWEITDYCPLNCRHCYLPEKNNSILSRDNIDNVLEIIDSAGIQQVQVTGGEALTHPELEYIIDSLINRGIITSISTSGFNFTNDMFKYLVKLKEVKGSKLRVSLDGDKNIHNYIRKNEYAYNNAIEFIKTAVKNGIICQVETSVINQSKQDLEDLVVLVKELGVSSIEIARISDQGNARKNNLELVWSPKEFDDFLYQLNSKYANETFKIRLPKEEKNKNCGAGYKIIRIKPNFDVTPCPMLEFRLGNLHKDTMFQIMSKCGNIFHEFEAPQNKFCSECENKDTCDHCIASGFNSKDKVKDCRWFRNIEYCLKPFLDR
10620,11325,235,1,forward,MFKYLVKLKEVKGSKLRVSLDGDKNIHNYIRKNEYAYNNAIEFIKTAVKNGIICQVETSVINQSKQDLEDLVVLVKELGVSSIEIARISDQGNARKNNLELVWSPKEFDDFLYQLNSKYANETFKIRLPKEEKNKNCGAGYKIIRIKPNFDVTPCPMLEFRLGNLHKDTMFQIMSKCGNIFHEFEAPQNKFCSECENKDTCDHCIASGFNSKDKVKDCRWFRNIEYCLKPFLDR
11088,11325,79,1,forward,MLEFRLGNLHKDTMFQIMSKCGNIFHEFEAPQNKFCSECENKDTCDHCIASGFNSKDKVKDCRWFRNIEYCLKPFLDR
11127,11325,66,1,forward,MFQIMSKCGNIFHEFEAPQNKFCSECENKDTCDHCIASGFNSKDKVKDCRWFRNIEYCLKPFLDR
11139,11325,62,1,forward,MSKCGNIFHEFEAPQNKFCSECENKDTCDHCIASGFNSKDKVKDCRWFRNIEYCLKPFLDR
11904,13080,392,1,forward,MNYKQSVYTIQLKYIKDDFEYIVDSFSGEREETIRNIKLNTCKNLFDDVQLNISTPYLINLKKSLRYIKKDLEKQDINLSIFMNLHNERVLIDNEEEDNRSYGFLRLICKDNDNNMHIDDIPILSCNPIDLEDKINYYAKKYISMKNLHDIREQVSFESIPHILSPKAAGYFIHEIVGHTLESDFYSYYKDKYENMKISKKLTVTDSINGYNRLIGLQGYDDVGTKIESLTLINKGKIQNMLAIKKEDSFDHKLYGVARRASYKFEVLPRMRSTYIHPFDDMDQQDILDKYENAIFVNEIFLGGVDHKSGKYNLNGNGFIVKNGELQNFIGDLRISGDILKDISSIDYIGKDFDMFGNYCEKFGQFVRVGSGGPTISISSLNARGVLYGRR
12150,13080,310,1,forward,MNLHNERVLIDNEEEDNRSYGFLRLICKDNDNNMHIDDIPILSCNPIDLEDKINYYAKKYISMKNLHDIREQVSFESIPHILSPKAAGYFIHEIVGHTLESDFYSYYKDKYENMKISKKLTVTDSINGYNRLIGLQGYDDVGTKIESLTLINKGKIQNMLAIKKEDSFDHKLYGVARRASYKFEVLPRMRSTYIHPFDDMDQQDILDKYENAIFVNEIFLGGVDHKSGKYNLNGNGFIVKNGELQNFIGDLRISGDILKDISSIDYIGKDFDMFGNYCEKFGQFVRVGSGGPTISISSLNARGVLYGRR
12249,13080,277,1,forward,MHIDDIPILSCNPIDLEDKINYYAKKYISMKNLHDIREQVSFESIPHILSPKAAGYFIHEIVGHTLESDFYSYYKDKYENMKISKKLTVTDSINGYNRLIGLQGYDDVGTKIESLTLINKGKIQNMLAIKKEDSFDHKLYGVARRASYKFEVLPRMRSTYIHPFDDMDQQDILDKYENAIFVNEIFLGGVDHKSGKYNLNGNGFIVKNGELQNFIGDLRISGDILKDISSIDYIGKDFDMFGNYCEKFGQFVRVGSGGPTISISSLNARGVLYGRR
12336,13080,248,1,forward,MKNLHDIREQVSFESIPHILSPKAAGYFIHEIVGHTLESDFYSYYKDKYENMKISKKLTVTDSINGYNRLIGLQGYDDVGTKIESLTLINKGKIQNMLAIKKEDSFDHKLYGVARRASYKFEVLPRMRSTYIHPFDDMDQQDILDKYENAIFVNEIFLGGVDHKSGKYNLNGNGFIVKNGELQNFIGDLRISGDILKDISSIDYIGKDFDMFGNYCEKFGQFVRVGSGGPTISISSLNARGVLYGRR
12489,13080,197,1,forward,MKISKKLTVTDSINGYNRLIGLQGYDDVGTKIESLTLINKGKIQNMLAIKKEDSFDHKLYGVARRASYKFEVLPRMRSTYIHPFDDMDQQDILDKYENAIFVNEIFLGGVDHKSGKYNLNGNGFIVKNGELQNFIGDLRISGDILKDISSIDYIGKDFDMFGNYCEKFGQFVRVGSGGPTISISSLNARGVLYGRR
12624,13080,152,1,forward,MLAIKKEDSFDHKLYGVARRASYKFEVLPRMRSTYIHPFDDMDQQDILDKYENAIFVNEIFLGGVDHKSGKYNLNGNGFIVKNGELQNFIGDLRISGDILKDISSIDYIGKDFDMFGNYCEKFGQFVRVGSGGPTISISSLNARGVLYGRR
12714,13080,122,1,forward,MRSTYIHPFDDMDQQDILDKYENAIFVNEIFLGGVDHKSGKYNLNGNGFIVKNGELQNFIGDLRISGDILKDISSIDYIGKDFDMFGNYCEKFGQFVRVGSGGPTISISSLNARGVLYGRR
12747,13080,111,1,forward,MDQQDILDKYENAIFVNEIFLGGVDHKSGKYNLNGNGFIVKNGELQNFIGDLRISGDILKDISSIDYIGKDFDMFGNYCEKFGQFVRVGSGGPTISISSLNARGVLYGRR
907,1120,71,2,forward,MVVKSILLAKSISDLKFPFFFLDLTIIFAAPIPTFFIASRPNLIVLSSTINLEKLSFISGGSTCIPKLSA
2332,2512,60,2,forward,MLILSGLRNLSKIRPYFIGSILVIPKVYATKDPAPEPLPGPVGIFFSFANFIKSLTIKK
8218,8989,257,2,forward,MAVIKAVNSKSSLDGIIKYVTREEKTEERLITGKDCSPSNVLEEMKVTKEIFNKTTGRQYKHFIQSFDPNDNLDYMKANKIGLEWAEKIFKGFEVLISTHKDKGHIHNHFVVNSVSFEDGRKLRYSNKELQNFKNVNDRICEREGLNIVREVSKEITSFNHNKYKVIEKAFKGMGESYLLNTGLEVSNSLKVSKTKEEFIKSMEEKGYKVNWKDTRKYITFTTPEGRKIRNSNLQNTLKNDKFTKEGMENELRYNR
8350,8989,213,2,forward,MKVTKEIFNKTTGRQYKHFIQSFDPNDNLDYMKANKIGLEWAEKIFKGFEVLISTHKDKGHIHNHFVVNSVSFEDGRKLRYSNKELQNFKNVNDRICEREGLNIVREVSKEITSFNHNKYKVIEKAFKGMGESYLLNTGLEVSNSLKVSKTKEEFIKSMEEKGYKVNWKDTRKYITFTTPEGRKIRNSNLQNTLKNDKFTKEGMENELRYNR
8443,8989,182,2,forward,MKANKIGLEWAEKIFKGFEVLISTHKDKGHIHNHFVVNSVSFEDGRKLRYSNKELQNFKNVNDRICEREGLNIVREVSKEITSFNHNKYKVIEKAFKGMGESYLLNTGLEVSNSLKVSKTKEEFIKSMEEKGYKVNWKDTRKYITFTTPEGRKIRNSNLQNTLKNDKFTKEGMENELRYNR
8737,8989,84,2,forward,MGESYLLNTGLEVSNSLKVSKTKEEFIKSMEEKGYKVNWKDTRKYITFTTPEGRKIRNSNLQNTLKNDKFTKEGMENELRYNR
8824,8989,55,2,forward,MEEKGYKVNWKDTRKYITFTTPEGRKIRNSNLQNTLKNDKFTKEGMENELRYNR
11530,11692,54,2,forward,MEKPKITNANMVACSGNPYAAIAMLGLACGADFAYCQMPSVSDLWGSGTAKAL
13048,14290,414,2,forward,MQGGYYMEEDKRIEKRLLSKGIMEYKIIRTILRGMKYKEYFGSVSIEDLSDDKILVLFKTEEGIAKFTVSSFQSDNIIDRIIETSMKNQMKMSLQWHDDNFSDVKIEQNENYNRFYKFNSNDYIMWIKKEIDNISKKIKFTFNTIYTINVNKYCLRTNKDYIEQYNTSSEFLCIENKTFKRRSKLSNRFLKDDIALSIIKQLNNDDIPRNNINLNSKQRILLKAKGLSDFLNVYISLYYANYIYSNQSFIKTNYIGKQISKSNFDLIAIPYNGIKFDSEGSRIFKKLIVGSGKLINLLSNNSFSEYFNINSFGNASLDTHNTVSHQRLIFTCKNSERIVSKSVDLIIHQFENAYIDFEDNEVFRGNAICSDKSGYFRTTISFNLKYIFNNIYPIGNKSTWINNVYCQDVIILR
13066,14290,408,2,forward,MEEDKRIEKRLLSKGIMEYKIIRTILRGMKYKEYFGSVSIEDLSDDKILVLFKTEEGIAKFTVSSFQSDNIIDRIIETSMKNQMKMSLQWHDDNFSDVKIEQNENYNRFYKFNSNDYIMWIKKEIDNISKKIKFTFNTIYTINVNKYCLRTNKDYIEQYNTSSEFLCIENKTFKRRSKLSNRFLKDDIALSIIKQLNNDDIPRNNINLNSKQRILLKAKGLSDFLNVYISLYYANYIYSNQSFIKTNYIGKQISKSNFDLIAIPYNGIKFDSEGSRIFKKLIVGSGKLINLLSNNSFSEYFNINSFGNASLDTHNTVSHQRLIFTCKNSERIVSKSVDLIIHQFENAYIDFEDNEVFRGNAICSDKSGYFRTTISFNLKYIFNNIYPIGNKSTWINNVYCQDVIILR
13114,14290,392,2,forward,MEYKIIRTILRGMKYKEYFGSVSIEDLSDDKILVLFKTEEGIAKFTVSSFQSDNIIDRIIETSMKNQMKMSLQWHDDNFSDVKIEQNENYNRFYKFNSNDYIMWIKKEIDNISKKIKFTFNTIYTINVNKYCLRTNKDYIEQYNTSSEFLCIENKTFKRRSKLSNRFLKDDIALSIIKQLNNDDIPRNNINLNSKQRILLKAKGLSDFLNVYISLYYANYIYSNQSFIKTNYIGKQISKSNFDLIAIPYNGIKFDSEGSRIFKKLIVGSGKLINLLSNNSFSEYFNINSFGNASLDTHNTVSHQRLIFTCKNSERIVSKSVDLIIHQFENAYIDFEDNEVFRGNAICSDKSGYFRTTISFNLKYIFNNIYPIGNKSTWINNVYCQDVIILR
13150,14290,380,2,forward,MKYKEYFGSVSIEDLSDDKILVLFKTEEGIAKFTVSSFQSDNIIDRIIETSMKNQMKMSLQWHDDNFSDVKIEQNENYNRFYKFNSNDYIMWIKKEIDNISKKIKFTFNTIYTINVNKYCLRTNKDYIEQYNTSSEFLCIENKTFKRRSKLSNRFLKDDIALSIIKQLNNDDIPRNNINLNSKQRILLKAKGLSDFLNVYISLYYANYIYSNQSFIKTNYIGKQISKSNFDLIAIPYNGIKFDSEGSRIFKKLIVGSGKLINLLSNNSFSEYFNINSFGNASLDTHNTVSHQRLIFTCKNSERIVSKSVDLIIHQFENAYIDFEDNEVFRGNAICSDKSGYFRTTISFNLKYIFNNIYPIGNKSTWINNVYCQDVIILR
13303,14290,329,2,forward,MKNQMKMSLQWHDDNFSDVKIEQNENYNRFYKFNSNDYIMWIKKEIDNISKKIKFTFNTIYTINVNKYCLRTNKDYIEQYNTSSEFLCIENKTFKRRSKLSNRFLKDDIALSIIKQLNNDDIPRNNINLNSKQRILLKAKGLSDFLNVYISLYYANYIYSNQSFIKTNYIGKQISKSNFDLIAIPYNGIKFDSEGSRIFKKLIVGSGKLINLLSNNSFSEYFNINSFGNASLDTHNTVSHQRLIFTCKNSERIVSKSVDLIIHQFENAYIDFEDNEVFRGNAICSDKSGYFRTTISFNLKYIFNNIYPIGNKSTWINNVYCQDVIILR
13315,14290,325,2,forward,MKMSLQWHDDNFSDVKIEQNENYNRFYKFNSNDYIMWIKKEIDNISKKIKFTFNTIYTINVNKYCLRTNKDYIEQYNTSSEFLCIENKTFKRRSKLSNRFLKDDIALSIIKQLNNDDIPRNNINLNSKQRILLKAKGLSDFLNVYISLYYANYIYSNQSFIKTNYIGKQISKSNFDLIAIPYNGIKFDSEGSRIFKKLIVGSGKLINLLSNNSFSEYFNINSFGNASLDTHNTVSHQRLIFTCKNSERIVSKSVDLIIHQFENAYIDFEDNEVFRGNAICSDKSGYFRTTISFNLKYIFNNIYPIGNKSTWINNVYCQDVIILR
13321,14290,323,2,forward,MSLQWHDDNFSDVKIEQNENYNRFYKFNSNDYIMWIKKEIDNISKKIKFTFNTIYTINVNKYCLRTNKDYIEQYNTSSEFLCIENKTFKRRSKLSNRFLKDDIALSIIKQLNNDDIPRNNINLNSKQRILLKAKGLSDFLNVYISLYYANYIYSNQSFIKTNYIGKQISKSNFDLIAIPYNGIKFDSEGSRIFKKLIVGSGKLINLLSNNSFSEYFNINSFGNASLDTHNTVSHQRLIFTCKNSERIVSKSVDLIIHQFENAYIDFEDNEVFRGNAICSDKSGYFRTTISFNLKYIFNNIYPIGNKSTWINNVYCQDVIILR
13420,14290,290,2,forward,MWIKKEIDNISKKIKFTFNTIYTINVNKYCLRTNKDYIEQYNTSSEFLCIENKTFKRRSKLSNRFLKDDIALSIIKQLNNDDIPRNNINLNSKQRILLKAKGLSDFLNVYISLYYANYIYSNQSFIKTNYIGKQISKSNFDLIAIPYNGIKFDSEGSRIFKKLIVGSGKLINLLSNNSFSEYFNINSFGNASLDTHNTVSHQRLIFTCKNSERIVSKSVDLIIHQFENAYIDFEDNEVFRGNAICSDKSGYFRTTISFNLKYIFNNIYPIGNKSTWINNVYCQDVIILR
14545,16054,503,2,forward,MDDVLIGSKSFNEFYFYIGIITILYVLKYFISITSNYLSSKFNNFMSNDLRFILIDKVMDLPMDYLANVEKGYLQGRISECDSITAIFSGTIISILLSTVNAVLSVSTMFVINYKLAIAVLILVPFFFILAKFSNHALTKNTKKMLEDSAILNAECFEIINGVEDIKILNGKAYSLGKFKKKLDQFIKITLKQNKTMLLLSQNVVGVNDVGTLLILLIAGNLIIKGEFTVGLYTTFSLYSSKIFSSTQLLANIGPSLKQACLSIERLYELIDMDDENKGKNKHLNKKIESIKLENVTFKYKNSIKNVLDSLNFEINKGEKVLISGENGTGKSTLIKLLVGLYEPTEGRILYNNLDLATINNESLRSRIGIVSQNMFLFKGTVLDNILYGQNQKKRKDVEKLIIKLNLENYISRLPEGLDSKIIQNNNGISGGQTQVIAFIRAVLSNKDIIILDEPISNVDAETRNIILNILKESKFDGILIIISHFTKGMEFINKTIKVGKK
14680,16054,458,2,forward,MSNDLRFILIDKVMDLPMDYLANVEKGYLQGRISECDSITAIFSGTIISILLSTVNAVLSVSTMFVINYKLAIAVLILVPFFFILAKFSNHALTKNTKKMLEDSAILNAECFEIINGVEDIKILNGKAYSLGKFKKKLDQFIKITLKQNKTMLLLSQNVVGVNDVGTLLILLIAGNLIIKGEFTVGLYTTFSLYSSKIFSSTQLLANIGPSLKQACLSIERLYELIDMDDENKGKNKHLNKKIESIKLENVTFKYKNSIKNVLDSLNFEINKGEKVLISGENGTGKSTLIKLLVGLYEPTEGRILYNNLDLATINNESLRSRIGIVSQNMFLFKGTVLDNILYGQNQKKRKDVEKLIIKLNLENYISRLPEGLDSKIIQNNNGISGGQTQVIAFIRAVLSNKDIIILDEPISNVDAETRNIILNILKESKFDGILIIISHFTKGMEFINKTIKVGKK
14719,16054,445,2,forward,MDLPMDYLANVEKGYLQGRISECDSITAIFSGTIISILLSTVNAVLSVSTMFVINYKLAIAVLILVPFFFILAKFSNHALTKNTKKMLEDSAILNAECFEIINGVEDIKILNGKAYSLGKFKKKLDQFIKITLKQNKTMLLLSQNVVGVNDVGTLLILLIAGNLIIKGEFTVGLYTTFSLYSSKIFSSTQLLANIGPSLKQACLSIERLYELIDMDDENKGKNKHLNKKIESIKLENVTFKYKNSIKNVLDSLNFEINKGEKVLISGENGTGKSTLIKLLVGLYEPTEGRILYNNLDLATINNESLRSRIGIVSQNMFLFKGTVLDNILYGQNQKKRKDVEKLIIKLNLENYISRLPEGLDSKIIQNNNGISGGQTQVIAFIRAVLSNKDIIILDEPISNVDAETRNIILNILKESKFDGILIIISHFTKGMEFINKTIKVGKK
14731,16054,441,2,forward,MDYLANVEKGYLQGRISECDSITAIFSGTIISILLSTVNAVLSVSTMFVINYKLAIAVLILVPFFFILAKFSNHALTKNTKKMLEDSAILNAECFEIINGVEDIKILNGKAYSLGKFKKKLDQFIKITLKQNKTMLLLSQNVVGVNDVGTLLILLIAGNLIIKGEFTVGLYTTFSLYSSKIFSSTQLLANIGPSLKQACLSIERLYELIDMDDENKGKNKHLNKKIESIKLENVTFKYKNSIKNVLDSLNFEINKGEKVLISGENGTGKSTLIKLLVGLYEPTEGRILYNNLDLATINNESLRSRIGIVSQNMFLFKGTVLDNILYGQNQKKRKDVEKLIIKLNLENYISRLPEGLDSKIIQNNNGISGGQTQVIAFIRAVLSNKDIIILDEPISNVDAETRNIILNILKESKFDGILIIISHFTKGMEFINKTIKVGKK
14869,16054,395,2,forward,MFVINYKLAIAVLILVPFFFILAKFSNHALTKNTKKMLEDSAILNAECFEIINGVEDIKILNGKAYSLGKFKKKLDQFIKITLKQNKTMLLLSQNVVGVNDVGTLLILLIAGNLIIKGEFTVGLYTTFSLYSSKIFSSTQLLANIGPSLKQACLSIERLYELIDMDDENKGKNKHLNKKIESIKLENVTFKYKNSIKNVLDSLNFEINKGEKVLISGENGTGKSTLIKLLVGLYEPTEGRILYNNLDLATINNESLRSRIGIVSQNMFLFKGTVLDNILYGQNQKKRKDVEKLIIKLNLENYISRLPEGLDSKIIQNNNGISGGQTQVIAFIRAVLSNKDIIILDEPISNVDAETRNIILNILKESKFDGILIIISHFTKGMEFINKTIKVGKK
14977,16054,359,2,forward,MLEDSAILNAECFEIINGVEDIKILNGKAYSLGKFKKKLDQFIKITLKQNKTMLLLSQNVVGVNDVGTLLILLIAGNLIIKGEFTVGLYTTFSLYSSKIFSSTQLLANIGPSLKQACLSIERLYELIDMDDENKGKNKHLNKKIESIKLENVTFKYKNSIKNVLDSLNFEINKGEKVLISGENGTGKSTLIKLLVGLYEPTEGRILYNNLDLATINNESLRSRIGIVSQNMFLFKGTVLDNILYGQNQKKRKDVEKLIIKLNLENYISRLPEGLDSKIIQNNNGISGGQTQVIAFIRAVLSNKDIIILDEPISNVDAETRNIILNILKESKFDGILIIISHFTKGMEFINKTIKVGKK
15133,16054,307,2,forward,MLLLSQNVVGVNDVGTLLILLIAGNLIIKGEFTVGLYTTFSLYSSKIFSSTQLLANIGPSLKQACLSIERLYELIDMDDENKGKNKHLNKKIESIKLENVTFKYKNSIKNVLDSLNFEINKGEKVLISGENGTGKSTLIKLLVGLYEPTEGRILYNNLDLATINNESLRSRIGIVSQNMFLFKGTVLDNILYGQNQKKRKDVEKLIIKLNLENYISRLPEGLDSKIIQNNNGISGGQTQVIAFIRAVLSNKDIIILDEPISNVDAETRNIILNILKESKFDGILIIISHFTKGMEFINKTIKVGKK
15361,16054,231,2,forward,MDDENKGKNKHLNKKIESIKLENVTFKYKNSIKNVLDSLNFEINKGEKVLISGENGTGKSTLIKLLVGLYEPTEGRILYNNLDLATINNESLRSRIGIVSQNMFLFKGTVLDNILYGQNQKKRKDVEKLIIKLNLENYISRLPEGLDSKIIQNNNGISGGQTQVIAFIRAVLSNKDIIILDEPISNVDAETRNIILNILKESKFDGILIIISHFTKGMEFINKTIKVGKK
15667,16054,129,2,forward,MFLFKGTVLDNILYGQNQKKRKDVEKLIIKLNLENYISRLPEGLDSKIIQNNNGISGGQTQVIAFIRAVLSNKDIIILDEPISNVDAETRNIILNILKESKFDGILIIISHFTKGMEFINKTIKVGKK
4355,4556,67,3,forward,MYRLNKGFVKLSIDNHVEFVNRELGKDKKYGINKSTIISIFTTKGYKYNAELRCYIKDIKKLKECN
7703,8258,185,3,forward,MNKEKAEEIIESVQGNIKHSDMILTDDERALLEEYILGNITREEYIEKSLEDVQKDNIRYGIKGEKILDSTINLSENCKVNRKRNKQIVIRATRKEFNTIKNKVKKSKLSQNEYLLKCALDKRIVVVDGLKDLNVELKRIGNNLNQLIKSVHEGKANCSKELLEINEEMKEVWQLLRQLTPKAL
7766,8258,164,3,forward,MILTDDERALLEEYILGNITREEYIEKSLEDVQKDNIRYGIKGEKILDSTINLSENCKVNRKRNKQIVIRATRKEFNTIKNKVKKSKLSQNEYLLKCALDKRIVVVDGLKDLNVELKRIGNNLNQLIKSVHEGKANCSKELLEINEEMKEVWQLLRQLTPKAL
8936,9131,65,3,forward,MINLPRRAWKMNFDTIDKKKENVILENQAFQKLQEINLMQKMGLENSLLKESLAQSHEKLQELK
8966,9131,55,3,forward,MNFDTIDKKKENVILENQAFQKLQEINLMQKMGLENSLLKESLAQSHEKLQELK
9329,9509,60,3,forward,MGTETEKKIQALNELQKEAENRCESYYNRKTIIAYLIYINLAITPILFFIIIYIQFFKK
9737,9929,64,3,forward,MLFLSYFSEKVFFMQHHVKKNGNTLPYYGVYVNSEKRNNCPNYSLYCNKYKYILFSWIYINNV
9776,9929,51,3,forward,MQHHVKKNGNTLPYYGVYVNSEKRNNCPNYSLYCNKYKYILFSWIYINNV
7320,7506,62,1,reverse,MPDSLKLHSLSFYLLYRSSFSMPSLVNLSFLSVFCKFEFLIFLPSGVVKVIYFLVSFQLTL
12393,12591,66,1,reverse,MTYYFNDDSVQLENYFFEADELGNINVYNADTMQFLDLIHVSYRYDRYKFLDNCKEWICKKNEGI
12864,16344,1160,1,reverse,MDSIAITDHGAMYGCVDFYKAAKNAGLKAIIGCEVYIVPKSMSIKNSDPNNKIYHLVLLVKNEIGYKNLIKIVSKASIDGFYYKPRTDHQFLKDHSEGLIALSACLGGEIQSNLLNENKEKAKEIALFYKSIFKDGFYLELQYHGNDAERKVNDMNIRLARELKIPLVATNDVHYIEQKDSKFHDILLCIQTGKTVNKENRLRYPSDQFYLKSADEMWEMFSHVPEALKNTEKIAEQCNFHYDFHTSKLPKFLLPEGTDPFEYMKKFCFKGLIKRCDLFRDLLTKSFNINEIIALGKENEEAKIYIDRLQYELSVIDHMGYVDYFLIVSDFIKFANEKKIPTGPGRGSGAGSLVAYTLGITKIDPIKYGLIFERFLNPERISMPDIDSDFCYERRGEIIDYVVEKYGKENVSQIITFGTMAARVCIRDVGRAMNYSYVEVDKIAKMIPIVPGIIITIDKALALNPELKNEYENNLRVKELIDVSMNLEGLPRHSSTHAAGIIISSSPIGDYVPLQKNEHNIVSQFDMTTLDELGFLKMDFLGLKTLTVLKDAVDMIMQNHNVDIDLDKIDINDKEVYKMIGEGKTIGIFQLESTGMTSFMKELKPDSLEDIIAGISLYRPGPIDEIPKYIENKKNPDKITYLTPQLEPILKITYGCLVYQEQVMEIVRKLAGYSMGRSDLVRRAMSKKKHKVMEEERKNFIYGIVKEDGEIEVPGCIRNEVSEKIGNELFDSMMDFASYAFNKSHAVAYALVAYQTAYLMKYYPAEYIAAKLNSVMGDNGKVAYYINYAESLGIQVLPPDINESFSKFIVEDNTIRFGLDAIKNVGIGAAKIIVKSRKKNGNFKSLIDFASKIDLTTINKRAIESLIKAGAFDCFKVFRSRLLAVYEKVLDSISNQRKRNIDGQVSLFNADNTIVNIPIIKYPEIKEFDKKYLLAMEKEMLGIYITGHPLDEYAQSLKIQTSIRIEKILCSHNKVLNDDSIIEISSDNNIIRGDINDGERVVIGGIITKVSRKITRNNTIMAFLKLEDLSGIIEVIVFPKTLENVNPLINEDSLVVIRGRVSLAEDELPKLICEKIHPLEKLNLSKVYIRVKDNKKVRTANKFLKTILKSHKGDTPIYIFSEKEKQNFRLSKNLLISLDEDILSTLRSYFGDENIKVVD
12897,16344,1149,1,reverse,MYGCVDFYKAAKNAGLKAIIGCEVYIVPKSMSIKNSDPNNKIYHLVLLVKNEIGYKNLIKIVSKASIDGFYYKPRTDHQFLKDHSEGLIALSACLGGEIQSNLLNENKEKAKEIALFYKSIFKDGFYLELQYHGNDAERKVNDMNIRLARELKIPLVATNDVHYIEQKDSKFHDILLCIQTGKTVNKENRLRYPSDQFYLKSADEMWEMFSHVPEALKNTEKIAEQCNFHYDFHTSKLPKFLLPEGTDPFEYMKKFCFKGLIKRCDLFRDLLTKSFNINEIIALGKENEEAKIYIDRLQYELSVIDHMGYVDYFLIVSDFIKFANEKKIPTGPGRGSGAGSLVAYTLGITKIDPIKYGLIFERFLNPERISMPDIDSDFCYERRGEIIDYVVEKYGKENVSQIITFGTMAARVCIRDVGRAMNYSYVEVDKIAKMIPIVPGIIITIDKALALNPELKNEYENNLRVKELIDVSMNLEGLPRHSSTHAAGIIISSSPIGDYVPLQKNEHNIVSQFDMTTLDELGFLKMDFLGLKTLTVLKDAVDMIMQNHNVDIDLDKIDINDKEVYKMIGEGKTIGIFQLESTGMTSFMKELKPDSLEDIIAGISLYRPGPIDEIPKYIENKKNPDKITYLTPQLEPILKITYGCLVYQEQVMEIVRKLAGYSMGRSDLVRRAMSKKKHKVMEEERKNFIYGIVKEDGEIEVPGCIRNEVSEKIGNELFDSMMDFASYAFNKSHAVAYALVAYQTAYLMKYYPAEYIAAKLNSVMGDNGKVAYYINYAESLGIQVLPPDINESFSKFIVEDNTIRFGLDAIKNVGIGAAKIIVKSRKKNGNFKSLIDFASKIDLTTINKRAIESLIKAGAFDCFKVFRSRLLAVYEKVLDSISNQRKRNIDGQVSLFNADNTIVNIPIIKYPEIKEFDKKYLLAMEKEMLGIYITGHPLDEYAQSLKIQTSIRIEKILCSHNKVLNDDSIIEISSDNNIIRGDINDGERVVIGGIITKVSRKITRNNTIMAFLKLEDLSGIIEVIVFPKTLENVNPLINEDSLVVIRGRVSLAEDELPKLICEKIHPLEKLNLSKVYIRVKDNKKVRTANKFLKTILKSHKGDTPIYIFSEKEKQNFRLSKNLLISLDEDILSTLRSYFGDENIKVVD
12987,16344,1119,1,reverse,MSIKNSDPNNKIYHLVLLVKNEIGYKNLIKIVSKASIDGFYYKPRTDHQFLKDHSEGLIALSACLGGEIQSNLLNENKEKAKEIALFYKSIFKDGFYLELQYHGNDAERKVNDMNIRLARELKIPLVATNDVHYIEQKDSKFHDILLCIQTGKTVNKENRLRYPSDQFYLKSADEMWEMFSHVPEALKNTEKIAEQCNFHYDFHTSKLPKFLLPEGTDPFEYMKKFCFKGLIKRCDLFRDLLTKSFNINEIIALGKENEEAKIYIDRLQYELSVIDHMGYVDYFLIVSDFIKFANEKKIPTGPGRGSGAGSLVAYTLGITKIDPIKYGLIFERFLNPERISMPDIDSDFCYERRGEIIDYVVEKYGKENVSQIITFGTMAARVCIRDVGRAMNYSYVEVDKIAKMIPIVPGIIITIDKALALNPELKNEYENNLRVKELIDVSMNLEGLPRHSSTHAAGIIISSSPIGDYVPLQKNEHNIVSQFDMTTLDELGFLKMDFLGLKTLTVLKDAVDMIMQNHNVDIDLDKIDINDKEVYKMIGEGKTIGIFQLESTGMTSFMKELKPDSLEDIIAGISLYRPGPIDEIPKYIENKKNPDKITYLTPQLEPILKITYGCLVYQEQVMEIVRKLAGYSMGRSDLVRRAMSKKKHKVMEEERKNFIYGIVKEDGEIEVPGCIRNEVSEKIGNELFDSMMDFASYAFNKSHAVAYALVAYQTAYLMKYYPAEYIAAKLNSVMGDNGKVAYYINYAESLGIQVLPPDINESFSKFIVEDNTIRFGLDAIKNVGIGAAKIIVKSRKKNGNFKSLIDFASKIDLTTINKRAIESLIKAGAFDCFKVFRSRLLAVYEKVLDSISNQRKRNIDGQVSLFNADNTIVNIPIIKYPEIKEFDKKYLLAMEKEMLGIYITGHPLDEYAQSLKIQTSIRIEKILCSHNKVLNDDSIIEISSDNNIIRGDINDGERVVIGGIITKVSRKITRNNTIMAFLKLEDLSGIIEVIVFPKTLENVNPLINEDSLVVIRGRVSLAEDELPKLICEKIHPLEKLNLSKVYIRVKDNKKVRTANKFLKTILKSHKGDTPIYIFSEKEKQNFRLSKNLLISLDEDILSTLRSYFGDENIKVVD
13326,16344,1006,1,reverse,MNIRLARELKIPLVATNDVHYIEQKDSKFHDILLCIQTGKTVNKENRLRYPSDQFYLKSADEMWEMFSHVPEALKNTEKIAEQCNFHYDFHTSKLPKFLLPEGTDPFEYMKKFCFKGLIKRCDLFRDLLTKSFNINEIIALGKENEEAKIYIDRLQYELSVIDHMGYVDYFLIVSDFIKFANEKKIPTGPGRGSGAGSLVAYTLGITKIDPIKYGLIFERFLNPERISMPDIDSDFCYERRGEIIDYVVEKYGKENVSQIITFGTMAARVCIRDVGRAMNYSYVEVDKIAKMIPIVPGIIITIDKALALNPELKNEYENNLRVKELIDVSMNLEGLPRHSSTHAAGIIISSSPIGDYVPLQKNEHNIVSQFDMTTLDELGFLKMDFLGLKTLTVLKDAVDMIMQNHNVDIDLDKIDINDKEVYKMIGEGKTIGIFQLESTGMTSFMKELKPDSLEDIIAGISLYRPGPIDEIPKYIENKKNPDKITYLTPQLEPILKITYGCLVYQEQVMEIVRKLAGYSMGRSDLVRRAMSKKKHKVMEEERKNFIYGIVKEDGEIEVPGCIRNEVSEKIGNELFDSMMDFASYAFNKSHAVAYALVAYQTAYLMKYYPAEYIAAKLNSVMGDNGKVAYYINYAESLGIQVLPPDINESFSKFIVEDNTIRFGLDAIKNVGIGAAKIIVKSRKKNGNFKSLIDFASKIDLTTINKRAIESLIKAGAFDCFKVFRSRLLAVYEKVLDSISNQRKRNIDGQVSLFNADNTIVNIPIIKYPEIKEFDKKYLLAMEKEMLGIYITGHPLDEYAQSLKIQTSIRIEKILCSHNKVLNDDSIIEISSDNNIIRGDINDGERVVIGGIITKVSRKITRNNTIMAFLKLEDLSGIIEVIVFPKTLENVNPLINEDSLVVIRGRVSLAEDELPKLICEKIHPLEKLNLSKVYIRVKDNKKVRTANKFLKTILKSHKGDTPIYIFSEKEKQNFRLSKNLLISLDEDILSTLRSYFGDENIKVVD
13512,16344,944,1,reverse,MWEMFSHVPEALKNTEKIAEQCNFHYDFHTSKLPKFLLPEGTDPFEYMKKFCFKGLIKRCDLFRDLLTKSFNINEIIALGKENEEAKIYIDRLQYELSVIDHMGYVDYFLIVSDFIKFANEKKIPTGPGRGSGAGSLVAYTLGITKIDPIKYGLIFERFLNPERISMPDIDSDFCYERRGEIIDYVVEKYGKENVSQIITFGTMAARVCIRDVGRAMNYSYVEVDKIAKMIPIVPGIIITIDKALALNPELKNEYENNLRVKELIDVSMNLEGLPRHSSTHAAGIIISSSPIGDYVPLQKNEHNIVSQFDMTTLDELGFLKMDFLGLKTLTVLKDAVDMIMQNHNVDIDLDKIDINDKEVYKMIGEGKTIGIFQLESTGMTSFMKELKPDSLEDIIAGISLYRPGPIDEIPKYIENKKNPDKITYLTPQLEPILKITYGCLVYQEQVMEIVRKLAGYSMGRSDLVRRAMSKKKHKVMEEERKNFIYGIVKEDGEIEVPGCIRNEVSEKIGNELFDSMMDFASYAFNKSHAVAYALVAYQTAYLMKYYPAEYIAAKLNSVMGDNGKVAYYINYAESLGIQVLPPDINESFSKFIVEDNTIRFGLDAIKNVGIGAAKIIVKSRKKNGNFKSLIDFASKIDLTTINKRAIESLIKAGAFDCFKVFRSRLLAVYEKVLDSISNQRKRNIDGQVSLFNADNTIVNIPIIKYPEIKEFDKKYLLAMEKEMLGIYITGHPLDEYAQSLKIQTSIRIEKILCSHNKVLNDDSIIEISSDNNIIRGDINDGERVVIGGIITKVSRKITRNNTIMAFLKLEDLSGIIEVIVFPKTLENVNPLINEDSLVVIRGRVSLAEDELPKLICEKIHPLEKLNLSKVYIRVKDNKKVRTANKFLKTILKSHKGDTPIYIFSEKEKQNFRLSKNLLISLDEDILSTLRSYFGDENIKVVD
13521,16344,941,1,reverse,MFSHVPEALKNTEKIAEQCNFHYDFHTSKLPKFLLPEGTDPFEYMKKFCFKGLIKRCDLFRDLLTKSFNINEIIALGKENEEAKIYIDRLQYELSVIDHMGYVDYFLIVSDFIKFANEKKIPTGPGRGSGAGSLVAYTLGITKIDPIKYGLIFERFLNPERISMPDIDSDFCYERRGEIIDYVVEKYGKENVSQIITFGTMAARVCIRDVGRAMNYSYVEVDKIAKMIPIVPGIIITIDKALALNPELKNEYENNLRVKELIDVSMNLEGLPRHSSTHAAGIIISSSPIGDYVPLQKNEHNIVSQFDMTTLDELGFLKMDFLGLKTLTVLKDAVDMIMQNHNVDIDLDKIDINDKEVYKMIGEGKTIGIFQLESTGMTSFMKELKPDSLEDIIAGISLYRPGPIDEIPKYIENKKNPDKITYLTPQLEPILKITYGCLVYQEQVMEIVRKLAGYSMGRSDLVRRAMSKKKHKVMEEERKNFIYGIVKEDGEIEVPGCIRNEVSEKIGNELFDSMMDFASYAFNKSHAVAYALVAYQTAYLMKYYPAEYIAAKLNSVMGDNGKVAYYINYAESLGIQVLPPDINESFSKFIVEDNTIRFGLDAIKNVGIGAAKIIVKSRKKNGNFKSLIDFASKIDLTTINKRAIESLIKAGAFDCFKVFRSRLLAVYEKVLDSISNQRKRNIDGQVSLFNADNTIVNIPIIKYPEIKEFDKKYLLAMEKEMLGIYITGHPLDEYAQSLKIQTSIRIEKILCSHNKVLNDDSIIEISSDNNIIRGDINDGERVVIGGIITKVSRKITRNNTIMAFLKLEDLSGIIEVIVFPKTLENVNPLINEDSLVVIRGRVSLAEDELPKLICEKIHPLEKLNLSKVYIRVKDNKKVRTANKFLKTILKSHKGDTPIYIFSEKEKQNFRLSKNLLISLDEDILSTLRSYFGDENIKVVD
13653,16344,897,1,reverse,MKKFCFKGLIKRCDLFRDLLTKSFNINEIIALGKENEEAKIYIDRLQYELSVIDHMGYVDYFLIVSDFIKFANEKKIPTGPGRGSGAGSLVAYTLGITKIDPIKYGLIFERFLNPERISMPDIDSDFCYERRGEIIDYVVEKYGKENVSQIITFGTMAARVCIRDVGRAMNYSYVEVDKIAKMIPIVPGIIITIDKALALNPELKNEYENNLRVKELIDVSMNLEGLPRHSSTHAAGIIISSSPIGDYVPLQKNEHNIVSQFDMTTLDELGFLKMDFLGLKTLTVLKDAVDMIMQNHNVDIDLDKIDINDKEVYKMIGEGKTIGIFQLESTGMTSFMKELKPDSLEDIIAGISLYRPGPIDEIPKYIENKKNPDKITYLTPQLEPILKITYGCLVYQEQVMEIVRKLAGYSMGRSDLVRRAMSKKKHKVMEEERKNFIYGIVKEDGEIEVPGCIRNEVSEKIGNELFDSMMDFASYAFNKSHAVAYALVAYQTAYLMKYYPAEYIAAKLNSVMGDNGKVAYYINYAESLGIQVLPPDINESFSKFIVEDNTIRFGLDAIKNVGIGAAKIIVKSRKKNGNFKSLIDFASKIDLTTINKRAIESLIKAGAFDCFKVFRSRLLAVYEKVLDSISNQRKRNIDGQVSLFNADNTIVNIPIIKYPEIKEFDKKYLLAMEKEMLGIYITGHPLDEYAQSLKIQTSIRIEKILCSHNKVLNDDSIIEISSDNNIIRGDINDGERVVIGGIITKVSRKITRNNTIMAFLKLEDLSGIIEVIVFPKTLENVNPLINEDSLVVIRGRVSLAEDELPKLICEKIHPLEKLNLSKVYIRVKDNKKVRTANKFLKTILKSHKGDTPIYIFSEKEKQNFRLSKNLLISLDEDILSTLRSYFGDENIKVVD
13818,16344,842,1,reverse,MGYVDYFLIVSDFIKFANEKKIPTGPGRGSGAGSLVAYTLGITKIDPIKYGLIFERFLNPERISMPDIDSDFCYERRGEIIDYVVEKYGKENVSQIITFGTMAARVCIRDVGRAMNYSYVEVDKIAKMIPIVPGIIITIDKALALNPELKNEYENNLRVKELIDVSMNLEGLPRHSSTHAAGIIISSSPIGDYVPLQKNEHNIVSQFDMTTLDELGFLKMDFLGLKTLTVLKDAVDMIMQNHNVDIDLDKIDINDKEVYKMIGEGKTIGIFQLESTGMTSFMKELKPDSLEDIIAGISLYRPGPIDEIPKYIENKKNPDKITYLTPQLEPILKITYGCLVYQEQVMEIVRKLAGYSMGRSDLVRRAMSKKKHKVMEEERKNFIYGIVKEDGEIEVPGCIRNEVSEKIGNELFDSMMDFASYAFNKSHAVAYALVAYQTAYLMKYYPAEYIAAKLNSVMGDNGKVAYYINYAESLGIQVLPPDINESFSKFIVEDNTIRFGLDAIKNVGIGAAKIIVKSRKKNGNFKSLIDFASKIDLTTINKRAIESLIKAGAFDCFKVFRSRLLAVYEKVLDSISNQRKRNIDGQVSLFNADNTIVNIPIIKYPEIKEFDKKYLLAMEKEMLGIYITGHPLDEYAQSLKIQTSIRIEKILCSHNKVLNDDSIIEISSDNNIIRGDINDGERVVIGGIITKVSRKITRNNTIMAFLKLEDLSGIIEVIVFPKTLENVNPLINEDSLVVIRGRVSLAEDELPKLICEKIHPLEKLNLSKVYIRVKDNKKVRTANKFLKTILKSHKGDTPIYIFSEKEKQNFRLSKNLLISLDEDILSTLRSYFGDENIKVVD
14010,16344,778,1,reverse,MPDIDSDFCYERRGEIIDYVVEKYGKENVSQIITFGTMAARVCIRDVGRAMNYSYVEVDKIAKMIPIVPGIIITIDKALALNPELKNEYENNLRVKELIDVSMNLEGLPRHSSTHAAGIIISSSPIGDYVPLQKNEHNIVSQFDMTTLDELGFLKMDFLGLKTLTVLKDAVDMIMQNHNVDIDLDKIDINDKEVYKMIGEGKTIGIFQLESTGMTSFMKELKPDSLEDIIAGISLYRPGPIDEIPKYIENKKNPDKITYLTPQLEPILKITYGCLVYQEQVMEIVRKLAGYSMGRSDLVRRAMSKKKHKVMEEERKNFIYGIVKEDGEIEVPGCIRNEVSEKIGNELFDSMMDFASYAFNKSHAVAYALVAYQTAYLMKYYPAEYIAAKLNSVMGDNGKVAYYINYAESLGIQVLPPDINESFSKFIVEDNTIRFGLDAIKNVGIGAAKIIVKSRKKNGNFKSLIDFASKIDLTTINKRAIESLIKAGAFDCFKVFRSRLLAVYEKVLDSISNQRKRNIDGQVSLFNADNTIVNIPIIKYPEIKEFDKKYLLAMEKEMLGIYITGHPLDEYAQSLKIQTSIRIEKILCSHNKVLNDDSIIEISSDNNIIRGDINDGERVVIGGIITKVSRKITRNNTIMAFLKLEDLSGIIEVIVFPKTLENVNPLINEDSLVVIRGRVSLAEDELPKLICEKIHPLEKLNLSKVYIRVKDNKKVRTANKFLKTILKSHKGDTPIYIFSEKEKQNFRLSKNLLISLDEDILSTLRSYFGDENIKVVD
14121,16344,741,1,reverse,MAARVCIRDVGRAMNYSYVEVDKIAKMIPIVPGIIITIDKALALNPELKNEYENNLRVKELIDVSMNLEGLPRHSSTHAAGIIISSSPIGDYVPLQKNEHNIVSQFDMTTLDELGFLKMDFLGLKTLTVLKDAVDMIMQNHNVDIDLDKIDINDKEVYKMIGEGKTIGIFQLESTGMTSFMKELKPDSLEDIIAGISLYRPGPIDEIPKYIENKKNPDKITYLTPQLEPILKITYGCLVYQEQVMEIVRKLAGYSMGRSDLVRRAMSKKKHKVMEEERKNFIYGIVKEDGEIEVPGCIRNEVSEKIGNELFDSMMDFASYAFNKSHAVAYALVAYQTAYLMKYYPAEYIAAKLNSVMGDNGKVAYYINYAESLGIQVLPPDINESFSKFIVEDNTIRFGLDAIKNVGIGAAKIIVKSRKKNGNFKSLIDFASKIDLTTINKRAIESLIKAGAFDCFKVFRSRLLAVYEKVLDSISNQRKRNIDGQVSLFNADNTIVNIPIIKYPEIKEFDKKYLLAMEKEMLGIYITGHPLDEYAQSLKIQTSIRIEKILCSHNKVLNDDSIIEISSDNNIIRGDINDGERVVIGGIITKVSRKITRNNTIMAFLKLEDLSGIIEVIVFPKTLENVNPLINEDSLVVIRGRVSLAEDELPKLICEKIHPLEKLNLSKVYIRVKDNKKVRTANKFLKTILKSHKGDTPIYIFSEKEKQNFRLSKNLLISLDEDILSTLRSYFGDENIKVVD
14160,16344,728,1,reverse,MNYSYVEVDKIAKMIPIVPGIIITIDKALALNPELKNEYENNLRVKELIDVSMNLEGLPRHSSTHAAGIIISSSPIGDYVPLQKNEHNIVSQFDMTTLDELGFLKMDFLGLKTLTVLKDAVDMIMQNHNVDIDLDKIDINDKEVYKMIGEGKTIGIFQLESTGMTSFMKELKPDSLEDIIAGISLYRPGPIDEIPKYIENKKNPDKITYLTPQLEPILKITYGCLVYQEQVMEIVRKLAGYSMGRSDLVRRAMSKKKHKVMEEERKNFIYGIVKEDGEIEVPGCIRNEVSEKIGNELFDSMMDFASYAFNKSHAVAYALVAYQTAYLMKYYPAEYIAAKLNSVMGDNGKVAYYINYAESLGIQVLPPDINESFSKFIVEDNTIRFGLDAIKNVGIGAAKIIVKSRKKNGNFKSLIDFASKIDLTTINKRAIESLIKAGAFDCFKVFRSRLLAVYEKVLDSISNQRKRNIDGQVSLFNADNTIVNIPIIKYPEIKEFDKKYLLAMEKEMLGIYITGHPLDEYAQSLKIQTSIRIEKILCSHNKVLNDDSIIEISSDNNIIRGDINDGERVVIGGIITKVSRKITRNNTIMAFLKLEDLSGIIEVIVFPKTLENVNPLINEDSLVVIRGRVSLAEDELPKLICEKIHPLEKLNLSKVYIRVKDNKKVRTANKFLKTILKSHKGDTPIYIFSEKEKQNFRLSKNLLISLDEDILSTLRSYFGDENIKVVD
14199,16344,715,1,reverse,MIPIVPGIIITIDKALALNPELKNEYENNLRVKELIDVSMNLEGLPRHSSTHAAGIIISSSPIGDYVPLQKNEHNIVSQFDMTTLDELGFLKMDFLGLKTLTVLKDAVDMIMQNHNVDIDLDKIDINDKEVYKMIGEGKTIGIFQLESTGMTSFMKELKPDSLEDIIAGISLYRPGPIDEIPKYIENKKNPDKITYLTPQLEPILKITYGCLVYQEQVMEIVRKLAGYSMGRSDLVRRAMSKKKHKVMEEERKNFIYGIVKEDGEIEVPGCIRNEVSEKIGNELFDSMMDFASYAFNKSHAVAYALVAYQTAYLMKYYPAEYIAAKLNSVMGDNGKVAYYINYAESLGIQVLPPDINESFSKFIVEDNTIRFGLDAIKNVGIGAAKIIVKSRKKNGNFKSLIDFASKIDLTTINKRAIESLIKAGAFDCFKVFRSRLLAVYEKVLDSISNQRKRNIDGQVSLFNADNTIVNIPIIKYPEIKEFDKKYLLAMEKEMLGIYITGHPLDEYAQSLKIQTSIRIEKILCSHNKVLNDDSIIEISSDNNIIRGDINDGERVVIGGIITKVSRKITRNNTIMAFLKLEDLSGIIEVIVFPKTLENVNPLINEDSLVVIRGRVSLAEDELPKLICEKIHPLEKLNLSKVYIRVKDNKKVRTANKFLKTILKSHKGDTPIYIFSEKEKQNFRLSKNLLISLDEDILSTLRSYFGDENIKVVD
14316,16344,676,1,reverse,MNLEGLPRHSSTHAAGIIISSSPIGDYVPLQKNEHNIVSQFDMTTLDELGFLKMDFLGLKTLTVLKDAVDMIMQNHNVDIDLDKIDINDKEVYKMIGEGKTIGIFQLESTGMTSFMKELKPDSLEDIIAGISLYRPGPIDEIPKYIENKKNPDKITYLTPQLEPILKITYGCLVYQEQVMEIVRKLAGYSMGRSDLVRRAMSKKKHKVMEEERKNFIYGIVKEDGEIEVPGCIRNEVSEKIGNELFDSMMDFASYAFNKSHAVAYALVAYQTAYLMKYYPAEYIAAKLNSVMGDNGKVAYYINYAESLGIQVLPPDINESFSKFIVEDNTIRFGLDAIKNVGIGAAKIIVKSRKKNGNFKSLIDFASKIDLTTINKRAIESLIKAGAFDCFKVFRSRLLAVYEKVLDSISNQRKRNIDGQVSLFNADNTIVNIPIIKYPEIKEFDKKYLLAMEKEMLGIYITGHPLDEYAQSLKIQTSIRIEKILCSHNKVLNDDSIIEISSDNNIIRGDINDGERVVIGGIITKVSRKITRNNTIMAFLKLEDLSGIIEVIVFPKTLENVNPLINEDSLVVIRGRVSLAEDELPKLICEKIHPLEKLNLSKVYIRVKDNKKVRTANKFLKTILKSHKGDTPIYIFSEKEKQNFRLSKNLLISLDEDILSTLRSYFGDENIKVVD
14442,16344,634,1,reverse,MTTLDELGFLKMDFLGLKTLTVLKDAVDMIMQNHNVDIDLDKIDINDKEVYKMIGEGKTIGIFQLESTGMTSFMKELKPDSLEDIIAGISLYRPGPIDEIPKYIENKKNPDKITYLTPQLEPILKITYGCLVYQEQVMEIVRKLAGYSMGRSDLVRRAMSKKKHKVMEEERKNFIYGIVKEDGEIEVPGCIRNEVSEKIGNELFDSMMDFASYAFNKSHAVAYALVAYQTAYLMKYYPAEYIAAKLNSVMGDNGKVAYYINYAESLGIQVLPPDINESFSKFIVEDNTIRFGLDAIKNVGIGAAKIIVKSRKKNGNFKSLIDFASKIDLTTINKRAIESLIKAGAFDCFKVFRSRLLAVYEKVLDSISNQRKRNIDGQVSLFNADNTIVNIPIIKYPEIKEFDKKYLLAMEKEMLGIYITGHPLDEYAQSLKIQTSIRIEKILCSHNKVLNDDSIIEISSDNNIIRGDINDGERVVIGGIITKVSRKITRNNTIMAFLKLEDLSGIIEVIVFPKTLENVNPLINEDSLVVIRGRVSLAEDELPKLICEKIHPLEKLNLSKVYIRVKDNKKVRTANKFLKTILKSHKGDTPIYIFSEKEKQNFRLSKNLLISLDEDILSTLRSYFGDENIKVVD
14475,16344,623,1,reverse,MDFLGLKTLTVLKDAVDMIMQNHNVDIDLDKIDINDKEVYKMIGEGKTIGIFQLESTGMTSFMKELKPDSLEDIIAGISLYRPGPIDEIPKYIENKKNPDKITYLTPQLEPILKITYGCLVYQEQVMEIVRKLAGYSMGRSDLVRRAMSKKKHKVMEEERKNFIYGIVKEDGEIEVPGCIRNEVSEKIGNELFDSMMDFASYAFNKSHAVAYALVAYQTAYLMKYYPAEYIAAKLNSVMGDNGKVAYYINYAESLGIQVLPPDINESFSKFIVEDNTIRFGLDAIKNVGIGAAKIIVKSRKKNGNFKSLIDFASKIDLTTINKRAIESLIKAGAFDCFKVFRSRLLAVYEKVLDSISNQRKRNIDGQVSLFNADNTIVNIPIIKYPEIKEFDKKYLLAMEKEMLGIYITGHPLDEYAQSLKIQTSIRIEKILCSHNKVLNDDSIIEISSDNNIIRGDINDGERVVIGGIITKVSRKITRNNTIMAFLKLEDLSGIIEVIVFPKTLENVNPLINEDSLVVIRGRVSLAEDELPKLICEKIHPLEKLNLSKVYIRVKDNKKVRTANKFLKTILKSHKGDTPIYIFSEKEKQNFRLSKNLLISLDEDILSTLRSYFGDENIKVVD
14526,16344,606,1,reverse,MIMQNHNVDIDLDKIDINDKEVYKMIGEGKTIGIFQLESTGMTSFMKELKPDSLEDIIAGISLYRPGPIDEIPKYIENKKNPDKITYLTPQLEPILKITYGCLVYQEQVMEIVRKLAGYSMGRSDLVRRAMSKKKHKVMEEERKNFIYGIVKEDGEIEVPGCIRNEVSEKIGNELFDSMMDFASYAFNKSHAVAYALVAYQTAYLMKYYPAEYIAAKLNSVMGDNGKVAYYINYAESLGIQVLPPDINESFSKFIVEDNTIRFGLDAIKNVGIGAAKIIVKSRKKNGNFKSLIDFASKIDLTTINKRAIESLIKAGAFDCFKVFRSRLLAVYEKVLDSISNQRKRNIDGQVSLFNADNTIVNIPIIKYPEIKEFDKKYLLAMEKEMLGIYITGHPLDEYAQSLKIQTSIRIEKILCSHNKVLNDDSIIEISSDNNIIRGDINDGERVVIGGIITKVSRKITRNNTIMAFLKLEDLSGIIEVIVFPKTLENVNPLINEDSLVVIRGRVSLAEDELPKLICEKIHPLEKLNLSKVYIRVKDNKKVRTANKFLKTILKSHKGDTPIYIFSEKEKQNFRLSKNLLISLDEDILSTLRSYFGDENIKVVD
14532,16344,604,1,reverse,MQNHNVDIDLDKIDINDKEVYKMIGEGKTIGIFQLESTGMTSFMKELKPDSLEDIIAGISLYRPGPIDEIPKYIENKKNPDKITYLTPQLEPILKITYGCLVYQEQVMEIVRKLAGYSMGRSDLVRRAMSKKKHKVMEEERKNFIYGIVKEDGEIEVPGCIRNEVSEKIGNELFDSMMDFASYAFNKSHAVAYALVAYQTAYLMKYYPAEYIAAKLNSVMGDNGKVAYYINYAESLGIQVLPPDINESFSKFIVEDNTIRFGLDAIKNVGIGAAKIIVKSRKKNGNFKSLIDFASKIDLTTINKRAIESLIKAGAFDCFKVFRSRLLAVYEKVLDSISNQRKRNIDGQVSLFNADNTIVNIPIIKYPEIKEFDKKYLLAMEKEMLGIYITGHPLDEYAQSLKIQTSIRIEKILCSHNKVLNDDSIIEISSDNNIIRGDINDGERVVIGGIITKVSRKITRNNTIMAFLKLEDLSGIIEVIVFPKTLENVNPLINEDSLVVIRGRVSLAEDELPKLICEKIHPLEKLNLSKVYIRVKDNKKVRTANKFLKTILKSHKGDTPIYIFSEKEKQNFRLSKNLLISLDEDILSTLRSYFGDENIKVVD
14598,16344,582,1,reverse,MIGEGKTIGIFQLESTGMTSFMKELKPDSLEDIIAGISLYRPGPIDEIPKYIENKKNPDKITYLTPQLEPILKITYGCLVYQEQVMEIVRKLAGYSMGRSDLVRRAMSKKKHKVMEEERKNFIYGIVKEDGEIEVPGCIRNEVSEKIGNELFDSMMDFASYAFNKSHAVAYALVAYQTAYLMKYYPAEYIAAKLNSVMGDNGKVAYYINYAESLGIQVLPPDINESFSKFIVEDNTIRFGLDAIKNVGIGAAKIIVKSRKKNGNFKSLIDFASKIDLTTINKRAIESLIKAGAFDCFKVFRSRLLAVYEKVLDSISNQRKRNIDGQVSLFNADNTIVNIPIIKYPEIKEFDKKYLLAMEKEMLGIYITGHPLDEYAQSLKIQTSIRIEKILCSHNKVLNDDSIIEISSDNNIIRGDINDGERVVIGGIITKVSRKITRNNTIMAFLKLEDLSGIIEVIVFPKTLENVNPLINEDSLVVIRGRVSLAEDELPKLICEKIHPLEKLNLSKVYIRVKDNKKVRTANKFLKTILKSHKGDTPIYIFSEKEKQNFRLSKNLLISLDEDILSTLRSYFGDENIKVVD
14649,16344,565,1,reverse,MTSFMKELKPDSLEDIIAGISLYRPGPIDEIPKYIENKKNPDKITYLTPQLEPILKITYGCLVYQEQVMEIVRKLAGYSMGRSDLVRRAMSKKKHKVMEEERKNFIYGIVKEDGEIEVPGCIRNEVSEKIGNELFDSMMDFASYAFNKSHAVAYALVAYQTAYLMKYYPAEYIAAKLNSVMGDNGKVAYYINYAESLGIQVLPPDINESFSKFIVEDNTIRFGLDAIKNVGIGAAKIIVKSRKKNGNFKSLIDFASKIDLTTINKRAIESLIKAGAFDCFKVFRSRLLAVYEKVLDSISNQRKRNIDGQVSLFNADNTIVNIPIIKYPEIKEFDKKYLLAMEKEMLGIYITGHPLDEYAQSLKIQTSIRIEKILCSHNKVLNDDSIIEISSDNNIIRGDINDGERVVIGGIITKVSRKITRNNTIMAFLKLEDLSGIIEVIVFPKTLENVNPLINEDSLVVIRGRVSLAEDELPKLICEKIHPLEKLNLSKVYIRVKDNKKVRTANKFLKTILKSHKGDTPIYIFSEKEKQNFRLSKNLLISLDEDILSTLRSYFGDENIKVVD
14661,16344,561,1,reverse,MKELKPDSLEDIIAGISLYRPGPIDEIPKYIENKKNPDKITYLTPQLEPILKITYGCLVYQEQVMEIVRKLAGYSMGRSDLVRRAMSKKKHKVMEEERKNFIYGIVKEDGEIEVPGCIRNEVSEKIGNELFDSMMDFASYAFNKSHAVAYALVAYQTAYLMKYYPAEYIAAKLNSVMGDNGKVAYYINYAESLGIQVLPPDINESFSKFIVEDNTIRFGLDAIKNVGIGAAKIIVKSRKKNGNFKSLIDFASKIDLTTINKRAIESLIKAGAFDCFKVFRSRLLAVYEKVLDSISNQRKRNIDGQVSLFNADNTIVNIPIIKYPEIKEFDKKYLLAMEKEMLGIYITGHPLDEYAQSLKIQTSIRIEKILCSHNKVLNDDSIIEISSDNNIIRGDINDGERVVIGGIITKVSRKITRNNTIMAFLKLEDLSGIIEVIVFPKTLENVNPLINEDSLVVIRGRVSLAEDELPKLICEKIHPLEKLNLSKVYIRVKDNKKVRTANKFLKTILKSHKGDTPIYIFSEKEKQNFRLSKNLLISLDEDILSTLRSYFGDENIKVVD
14853,16344,497,1,reverse,MEIVRKLAGYSMGRSDLVRRAMSKKKHKVMEEERKNFIYGIVKEDGEIEVPGCIRNEVSEKIGNELFDSMMDFASYAFNKSHAVAYALVAYQTAYLMKYYPAEYIAAKLNSVMGDNGKVAYYINYAESLGIQVLPPDINESFSKFIVEDNTIRFGLDAIKNVGIGAAKIIVKSRKKNGNFKSLIDFASKIDLTTINKRAIESLIKAGAFDCFKVFRSRLLAVYEKVLDSISNQRKRNIDGQVSLFNADNTIVNIPIIKYPEIKEFDKKYLLAMEKEMLGIYITGHPLDEYAQSLKIQTSIRIEKILCSHNKVLNDDSIIEISSDNNIIRGDINDGERVVIGGIITKVSRKITRNNTIMAFLKLEDLSGIIEVIVFPKTLENVNPLINEDSLVVIRGRVSLAEDELPKLICEKIHPLEKLNLSKVYIRVKDNKKVRTANKFLKTILKSHKGDTPIYIFSEKEKQNFRLSKNLLISLDEDILSTLRSYFGDENIKVVD
14886,16344,486,1,reverse,MGRSDLVRRAMSKKKHKVMEEERKNFIYGIVKEDGEIEVPGCIRNEVSEKIGNELFDSMMDFASYAFNKSHAVAYALVAYQTAYLMKYYPAEYIAAKLNSVMGDNGKVAYYINYAESLGIQVLPPDINESFSKFIVEDNTIRFGLDAIKNVGIGAAKIIVKSRKKNGNFKSLIDFASKIDLTTINKRAIESLIKAGAFDCFKVFRSRLLAVYEKVLDSISNQRKRNIDGQVSLFNADNTIVNIPIIKYPEIKEFDKKYLLAMEKEMLGIYITGHPLDEYAQSLKIQTSIRIEKILCSHNKVLNDDSIIEISSDNNIIRGDINDGERVVIGGIITKVSRKITRNNTIMAFLKLEDLSGIIEVIVFPKTLENVNPLINEDSLVVIRGRVSLAEDELPKLICEKIHPLEKLNLSKVYIRVKDNKKVRTANKFLKTILKSHKGDTPIYIFSEKEKQNFRLSKNLLISLDEDILSTLRSYFGDENIKVVD
14916,16344,476,1,reverse,MSKKKHKVMEEERKNFIYGIVKEDGEIEVPGCIRNEVSEKIGNELFDSMMDFASYAFNKSHAVAYALVAYQTAYLMKYYPAEYIAAKLNSVMGDNGKVAYYINYAESLGIQVLPPDINESFSKFIVEDNTIRFGLDAIKNVGIGAAKIIVKSRKKNGNFKSLIDFASKIDLTTINKRAIESLIKAGAFDCFKVFRSRLLAVYEKVLDSISNQRKRNIDGQVSLFNADNTIVNIPIIKYPEIKEFDKKYLLAMEKEMLGIYITGHPLDEYAQSLKIQTSIRIEKILCSHNKVLNDDSIIEISSDNNIIRGDINDGERVVIGGIITKVSRKITRNNTIMAFLKLEDLSGIIEVIVFPKTLENVNPLINEDSLVVIRGRVSLAEDELPKLICEKIHPLEKLNLSKVYIRVKDNKKVRTANKFLKTILKSHKGDTPIYIFSEKEKQNFRLSKNLLISLDEDILSTLRSYFGDENIKVVD
14940,16344,468,1,reverse,MEEERKNFIYGIVKEDGEIEVPGCIRNEVSEKIGNELFDSMMDFASYAFNKSHAVAYALVAYQTAYLMKYYPAEYIAAKLNSVMGDNGKVAYYINYAESLGIQVLPPDINESFSKFIVEDNTIRFGLDAIKNVGIGAAKIIVKSRKKNGNFKSLIDFASKIDLTTINKRAIESLIKAGAFDCFKVFRSRLLAVYEKVLDSISNQRKRNIDGQVSLFNADNTIVNIPIIKYPEIKEFDKKYLLAMEKEMLGIYITGHPLDEYAQSLKIQTSIRIEKILCSHNKVLNDDSIIEISSDNNIIRGDINDGERVVIGGIITKVSRKITRNNTIMAFLKLEDLSGIIEVIVFPKTLENVNPLINEDSLVVIRGRVSLAEDELPKLICEKIHPLEKLNLSKVYIRVKDNKKVRTANKFLKTILKSHKGDTPIYIFSEKEKQNFRLSKNLLISLDEDILSTLRSYFGDENIKVVD
15060,16344,428,1,reverse,MMDFASYAFNKSHAVAYALVAYQTAYLMKYYPAEYIAAKLNSVMGDNGKVAYYINYAESLGIQVLPPDINESFSKFIVEDNTIRFGLDAIKNVGIGAAKIIVKSRKKNGNFKSLIDFASKIDLTTINKRAIESLIKAGAFDCFKVFRSRLLAVYEKVLDSISNQRKRNIDGQVSLFNADNTIVNIPIIKYPEIKEFDKKYLLAMEKEMLGIYITGHPLDEYAQSLKIQTSIRIEKILCSHNKVLNDDSIIEISSDNNIIRGDINDGERVVIGGIITKVSRKITRNNTIMAFLKLEDLSGIIEVIVFPKTLENVNPLINEDSLVVIRGRVSLAEDELPKLICEKIHPLEKLNLSKVYIRVKDNKKVRTANKFLKTILKSHKGDTPIYIFSEKEKQNFRLSKNLLISLDEDILSTLRSYFGDENIKVVD
15063,16344,427,1,reverse,MDFASYAFNKSHAVAYALVAYQTAYLMKYYPAEYIAAKLNSVMGDNGKVAYYINYAESLGIQVLPPDINESFSKFIVEDNTIRFGLDAIKNVGIGAAKIIVKSRKKNGNFKSLIDFASKIDLTTINKRAIESLIKAGAFDCFKVFRSRLLAVYEKVLDSISNQRKRNIDGQVSLFNADNTIVNIPIIKYPEIKEFDKKYLLAMEKEMLGIYITGHPLDEYAQSLKIQTSIRIEKILCSHNKVLNDDSIIEISSDNNIIRGDINDGERVVIGGIITKVSRKITRNNTIMAFLKLEDLSGIIEVIVFPKTLENVNPLINEDSLVVIRGRVSLAEDELPKLICEKIHPLEKLNLSKVYIRVKDNKKVRTANKFLKTILKSHKGDTPIYIFSEKEKQNFRLSKNLLISLDEDILSTLRSYFGDENIKVVD
15141,16344,401,1,reverse,MKYYPAEYIAAKLNSVMGDNGKVAYYINYAESLGIQVLPPDINESFSKFIVEDNTIRFGLDAIKNVGIGAAKIIVKSRKKNGNFKSLIDFASKIDLTTINKRAIESLIKAGAFDCFKVFRSRLLAVYEKVLDSISNQRKRNIDGQVSLFNADNTIVNIPIIKYPEIKEFDKKYLLAMEKEMLGIYITGHPLDEYAQSLKIQTSIRIEKILCSHNKVLNDDSIIEISSDNNIIRGDINDGERVVIGGIITKVSRKITRNNTIMAFLKLEDLSGIIEVIVFPKTLENVNPLINEDSLVVIRGRVSLAEDELPKLICEKIHPLEKLNLSKVYIRVKDNKKVRTANKFLKTILKSHKGDTPIYIFSEKEKQNFRLSKNLLISLDEDILSTLRSYFGDENIKVVD
15189,16344,385,1,reverse,MGDNGKVAYYINYAESLGIQVLPPDINESFSKFIVEDNTIRFGLDAIKNVGIGAAKIIVKSRKKNGNFKSLIDFASKIDLTTINKRAIESLIKAGAFDCFKVFRSRLLAVYEKVLDSISNQRKRNIDGQVSLFNADNTIVNIPIIKYPEIKEFDKKYLLAMEKEMLGIYITGHPLDEYAQSLKIQTSIRIEKILCSHNKVLNDDSIIEISSDNNIIRGDINDGERVVIGGIITKVSRKITRNNTIMAFLKLEDLSGIIEVIVFPKTLENVNPLINEDSLVVIRGRVSLAEDELPKLICEKIHPLEKLNLSKVYIRVKDNKKVRTANKFLKTILKSHKGDTPIYIFSEKEKQNFRLSKNLLISLDEDILSTLRSYFGDENIKVVD
15669,16344,225,1,reverse,MEKEMLGIYITGHPLDEYAQSLKIQTSIRIEKILCSHNKVLNDDSIIEISSDNNIIRGDINDGERVVIGGIITKVSRKITRNNTIMAFLKLEDLSGIIEVIVFPKTLENVNPLINEDSLVVIRGRVSLAEDELPKLICEKIHPLEKLNLSKVYIRVKDNKKVRTANKFLKTILKSHKGDTPIYIFSEKEKQNFRLSKNLLISLDEDILSTLRSYFGDENIKVVD
15681,16344,221,1,reverse,MLGIYITGHPLDEYAQSLKIQTSIRIEKILCSHNKVLNDDSIIEISSDNNIIRGDINDGERVVIGGIITKVSRKITRNNTIMAFLKLEDLSGIIEVIVFPKTLENVNPLINEDSLVVIRGRVSLAEDELPKLICEKIHPLEKLNLSKVYIRVKDNKKVRTANKFLKTILKSHKGDTPIYIFSEKEKQNFRLSKNLLISLDEDILSTLRSYFGDENIKVVD
15924,16344,140,1,reverse,MAFLKLEDLSGIIEVIVFPKTLENVNPLINEDSLVVIRGRVSLAEDELPKLICEKIHPLEKLNLSKVYIRVKDNKKVRTANKFLKTILKSHKGDTPIYIFSEKEKQNFRLSKNLLISLDEDILSTLRSYFGDENIKVVD
6067,6220,51,2,reverse,MKGSKNVCTFFFTTLGSSSYLLLRIDMISSIECIPLHKPKILLALSFILT
10519,10678,53,2,reverse,MLCNSLLLTIVLLLYDSISSVFCFFTGSLYNTLVLFLLYSLLVFEYVFNFLL
8456,8669,71,3,reverse,MPYLILSFCTSSSDFSIYSSLVIFPNIYSSKRALSSSVSIISECFIFPCTLSIISSAFSLFILTSLITKL
